{
  "dataset_revision": "1beac1b941da76a9c51e3e5b39d230fde9a80983",
  "mteb_dataset_name": "SentimentAnalysisHindi",
  "mteb_version": "1.7.45",
  "train": {
    "accuracy": 0.59599609375,
    "accuracy_stderr": 0.04385635527573272,
    "evaluation_time": 54.47,
    "f1": 0.5861909658086787,
    "f1_stderr": 0.050871526301261356,
    "main_score": 0.5861909658086787
  }
}